Workbook

Sheet Raw Data
A1: Customer_ID | B1: Gender | C1: Age | D1: Region | E1: Contract_Type | F1: Subscription_Plan | G1: Tenure_Months | H1: Monthly_Charges | I1: Payment_Method | J1: Support_Tickets | K1: Satisfaction_Score | L1: Churn | M1: Join_Date
A2: CUST0001 | B2: Female | C2: 19 | D2: Midwest | E2: Monthly | F2: Basic | G2: 18 | H2: 41.05 | I2: Credit Card | J2: 6 | K2: 1 | L2: Yes | M2: 44644
A3: CUST0002 | B3: Female | C3: 50 | D3: Northeast | E3: Two Year | F3: Basic | G3: 70 | H3: 36.29 | I3: Mailed Check | J3: 4 | K3: 1 | L3: No | M3: 44523
A4: CUST0003 | B4: Male | C4: 39 | D4: Midwest | E4: Monthly | F4: Basic | G4: 44 | H4: 31.53 | I4: Mailed Check | J4: 1 | K4: 3 | L4: No | M4: 45433
A5: CUST0004 | B5: Male | C5: 69 | D5: Northeast | E5: Two Year | F5: Standard | G5: 69 | H5: 56.87 | I5: Mailed Check | J5: 1 | K5: 5 | L5: No | M5: 45484
A6: CUST0005 | B6: Male | C6: 54 | D6: South | E6: Two Year | F6: Basic | G6: 6 | H6: 39.92 | I6: Electronic Check | J6: 1 | K6: 2 | L6: No | M6: 44975
A7: CUST0006 | B7: Male | C7: 47 | D7: Midwest | E7: Monthly | F7: Standard | G7: 46 | H7: 58.14 | I7: Electronic Check | J7: 1 | K7: 5 | L7: No | M7: 45290
A8: CUST0007 | B8: Female | C8: 28 | D8: West | E8: One Year | F8: Standard | G8: 72 | H8: 58.29 | I8: Electronic Check | J8: 0 | K8: 2 | L8: No | M8: 45845
A9: CUST0008 | B9: Male | C9: 43 | D9: Midwest | E9: Monthly | F9: Basic | G9: 41 | H9: 33.19 | I9: Mailed Check | J9: 6 | K9: 4 | L9: Yes | M9: 44482
A10: CUST0009 | B10: Female | C10: 65 | D10: Midwest | E10: Two Year | F10: Premium | G10: 55 | H10: 98.47 | I10: Mailed Check | J10: 5 | K10: 2 | L10: No | M10: 44480
A11: CUST0010 | B11: Male | C11: 23 | D11: Northeast | E11: Monthly | F11: Basic | G11: 21 | H11: 41.88 | I11: Mailed Check | J11: 1 | K11: 4 | L11: No | M11: 45155
A12: CUST0011 | B12: Male | C12: 53 | D12: Northeast | E12: Two Year | F12: Premium | G12: 15 | H12: 95.23 | I12: Electronic Check | J12: 5 | K12: 1 | L12: No | M12: 44520
A13: CUST0012 | B13: Male | C13: 18 | D13: Midwest | E13: Two Year | F13: Basic | G13: 65 | H13: 43.69 | I13: Electronic Check | J13: 8 | K13: 5 | L13: No | M13: 44962
... A1001: CUST1000 | B1001: Male | C1001: 29 | D1001: West | E1001: Two Year | F1001: Basic | G1001: 40 | H1001: 30.47 | I1001: Electronic Check | J1001: 0 | K1001: 5 | L1001: No | M1001: 44885

Sheet Churn Analysis
B2: Customer Count by Plan | E2: Average Monthly Charges by Plan | H2: Churn by Subscription Plan | K2: Churn by Contract Type | N2: Overall Churn Rate | Q2: Average Tenure by Churn Status | T2: Which regions have the most customers leaving?
B3: Subscription Plan | C3: Customer Count | E3: Subscription Plan | F3: Average Monthly Charges | H3: Subscription Plan | I3: Customers Churned | K3: Contract Type | L3: Customers Churned | N3: Churn Rate | Q3: Churn | R3: Average Tenure (Months) | T3: Churn by Region | U3: Region
B4: Basic | C4: =COUNTIF('Raw Data'!F:F,B4) -> 318 | E4: Basic | F4: =AVERAGEIF('Raw Data'!F:F,E4,'Raw Data'!H:H) -> 37.326635 | H4: Basic | I4: =COUNTIFS('Raw Data'!F:F,H4,'Raw Data'!L:L,"yes") -> 67 | K4: Monthly | L4: =COUNTIFS('Raw Data'!E:E,K4,'Raw Data'!L:L,"yes") -> 118 | N4: =COUNTIF('Raw Data'!L:L,"Yes")/(COUNTA('Raw Data'!A:A)-1) -> 0.24 | Q4: No | R4: =AVERAGEIF('Raw Data'!L:L,Q4,'Raw Data'!G:G) -> 35.394737 | T4: Northeast | U4: =COUNTIFS('Raw Data'!D:D,T4,'Raw Data'!L:L,"Yes") -> 68
B5: Standard | C5: =COUNTIF('Raw Data'!F:F,B5) -> 341 | E5: Standard | F5: =AVERAGEIF('Raw Data'!F:F,E5,'Raw Data'!H:H) -> 63.158123 | H5: Standard | I5: =COUNTIFS('Raw Data'!F:F,H5,'Raw Data'!L:L,"yes") -> 86 | K5: One Year | L5: =COUNTIFS('Raw Data'!E:E,K5,'Raw Data'!L:L,"yes") -> 67 | Q5: Yes | R5: =AVERAGEIF('Raw Data'!L:L,Q5,'Raw Data'!G:G) -> 36.891667 | T5: South | U5: =COUNTIFS('Raw Data'!D:D,T5,'Raw Data'!L:L,"Yes") -> 60
B6: Premium | C6: =COUNTIF('Raw Data'!F:F,B6) -> 341 | E6: Premium | F6: =AVERAGEIF('Raw Data'!F:F,E6,'Raw Data'!H:H) -> 92.367595 | H6: Premium | I6: =COUNTIFS('Raw Data'!F:F,H6,'Raw Data'!L:L,"yes") -> 87 | K6: Two Year | L6: =COUNTIFS('Raw Data'!E:E,K6,'Raw Data'!L:L,"yes") -> 55 | T6: Midwest | U6: =COUNTIFS('Raw Data'!D:D,T6,'Raw Data'!L:L,"Yes") -> 50
T7: West | U7: =COUNTIFS('Raw Data'!D:D,T7,'Raw Data'!L:L,"Yes") -> 62

Sheet Churn Pivot Analysis
B2: Subscription Plan | C2: Count of Customer_ID
B3: Basic | C3: 318
B4: Premium | C4: 341
B5: Standard | C5: 341
B6: Grand Total | C6: 1000
B10: Count of Customer_ID | C10: Column Labels
B11: Subscription Plan | C11: No | D11: Yes | E11: Grand Total
B12: Basic | C12: 251 | D12: 67 | E12: 318
B13: Premium | C13: 254 | D13: 87 | E13: 341
B14: Standard | C14: 255 | D14: 86 | E14: 341
B15: Grand Total | C15: 760 | D15: 240 | E15: 1000
B19: Count of Customer_ID | C19: Column Labels
B20: Contract Type | C20: No | D20: Yes | E20: Grand Total
B21: Monthly | C21: 225 | D21: 118 | E21: 343
B22: One Year | C22: 253 | D22: 67 | E22: 320
B23: Two Year | C23: 282 | D23: 55 | E23: 337
B24: Grand Total | C24: 760 | D24: 240 | E24: 1000
B28: Count of Customer_ID | C28: Column Labels
B29: Region | C29: No | D29: Yes | E29: Grand Total
B30: Midwest | C30: 180 | D30: 50 | E30: 230
B31: Northeast | C31: 190 | D31: 68 | E31: 258
B32: South | C32: 193 | D32: 60 | E32: 253
B33: West | C33: 197 | D33: 62 | E33: 259
B34: Grand Total | C34: 760 | D34: 240 | E34: 1000
B37: Churn | C37: Average of Tenure_Months
B38: No | C38: 35.394737
B39: Yes | C39: 36.891667
B40: Grand Total | C40: 35.754
B46: Count of Customer_ID | C46: Column Labels
B47: Payment Method | C47: No | D47: Yes | E47: Grand Total
B48: Bank Transfer | C48: 166 | D48: 67 | E48: 233
B49: Credit Card | C49: 179 | D49: 43 | E49: 222
B50: Electronic Check | C50: 199 | D50: 65 | E50: 264
B51: Mailed Check | C51: 216 | D51: 65 | E51: 281
B52: Grand Total | C52: 760 | D52: 240 | E52: 1000
B55: Subscription Plan | C55: Average of Satisfaction_Score
B56: Basic | C56: 3.0220126
B57: Premium | C57: 3.0234604
B58: Standard | C58: 2.9765396
B59: Grand Total | C59: 3.007

Sheet Churn Dashboard
B2: CUSTOMER CHURN & SUBSCRIPTION DASHBOARD
B4: TOTAL CUSTOMERS | E4: CUSTOMERS CHURNED | I4: CHURN RATE | L4: AVG MONTHLY CHARGES | P4: AVG SATISFACTION
B5: =COUNTA('Raw Data'!A:A)-1 -> 1000 | E5: =COUNTIF('Raw Data'!L:L,"Yes") -> 240 | I5: =COUNTIF('Raw Data'!L:L,"Yes")/(COUNTA('Raw Data'!A:A)-1) -> 0.24 | L5: =AVERAGE('Raw Data'!H:H) -> 64.90414 | P5: =AVERAGE('Raw Data'!K:K) -> 3.007
B48: KEY CUSTOMER CHURN INSIGHTS
B49: • Monthly-contract customers show the highest churn compared with longer-term contracts.
B50: • Customers who churn have a slightly higher average tenure than customers who stay.
B51: • Premium customers have the highest average satisfaction, while Standard customers have the lowest.
B52: • Bank Transfer customers have the highest number of churned customers among the payment methods analyzed.
